"Reference","Value","Datasheet","Footprint","Qty","DNP"
"A1","Arduino_Nano_v3.x","http://www.mouser.com/pdfdocs/Gravitech_Arduino_Nano3_0.pdf","Module:Arduino_Nano","1",""
"BZ1","Buzzer","","Buzzer_Beeper:Buzzer_12x9.5RM7.6","1",""
"C1","100uF 16V","","Capacitor_THT:CP_Radial_D6.3mm_P2.50mm","1",""
"C2,C4","100nF","","Capacitor_THT:C_Disc_D5.0mm_W2.5mm_P5.00mm","2",""
"C3","10uF 16V","","Capacitor_THT:CP_Radial_D5.0mm_P2.00mm","1",""
"D1","LED red 5mm","","LED_THT:LED_D5.0mm","1",""
"D2","LED green 5mm","","LED_THT:LED_D5.0mm","1",""
"D3","1N4148","https://assets.nexperia.com/documents/data-sheet/1N4148_1N4448.pdf","Diode_THT:D_DO-35_SOD27_P7.62mm_Horizontal","1",""
"J1,J2","Conn_01x08","","Connector_PinHeader_2.54mm:PinHeader_1x08_P2.54mm_Vertical","2",""
"J3","Conn_01x04","","Connector_PinHeader_2.54mm:PinHeader_1x04_P2.54mm_Vertical","1",""
"J4","Conn_01x03","","Connector_PinHeader_2.54mm:PinHeader_1x03_P2.54mm_Vertical","1",""
"Q1","BC547","https://www.onsemi.com/pub/Collateral/BC550-D.pdf","Package_TO_SOT_THT:TO-92_Inline","1",""
"R1","300","","Resistor_THT:R_Axial_DIN0207_L6.3mm_D2.5mm_P10.16mm_Horizontal","1",""
"R2","200","","Resistor_THT:R_Axial_DIN0207_L6.3mm_D2.5mm_P10.16mm_Horizontal","1",""
"R3,R4,R7,R9","1k","","Resistor_THT:R_Axial_DIN0207_L6.3mm_D2.5mm_P10.16mm_Horizontal","4",""
"R5,R6,R8","2k","","Resistor_THT:R_Axial_DIN0207_L6.3mm_D2.5mm_P10.16mm_Horizontal","3",""
